[{"model": "cuentas.rol", "pk": 1, "fields": {"nombre": "Corredor", "descripcion": "Puede subir archivos tributarios y ver calificaciones."}}, {"model": "cuentas.rol", "pk": 2, "fields": {"nombre": "Analista", "descripcion": "Valida reglas tributarias y puede crear calificaciones."}}, {"model": "cuentas.rol", "pk": 3, "fields": {"nombre": "Administrador", "descripcion": "Control total del sistema (CRUD completo)."}}, {"model": "cuentas.rol", "pk": 4, "fields": {"nombre": "Auditor", "descripcion": "Puede ver bitácora y reportes."}}, {"model": "cuentas.rol", "pk": 5, "fields": {"nombre": "Gerente", "descripcion": "Visualiza panel de indicadores (Dashboard)."}}, {"model": "cuentas.usuario", "pk": 1, "fields": {"password": "pbkdf2_sha256$1000000$6M1KGsB6YAXuGIQ17cadn9$VZMYWqiC6HVBFRhvSDERbGpyvOYmpgG692v2OTDwrmc=", "last_login": "2025-12-10T04:36:38.982Z", "is_superuser": true, "username": "admin_10", "first_name": "", "last_name": "", "email": "matiasdonoso135@gmail.com", "is_staff": true, "is_active": true, "date_joined": "2025-11-27T23:54:42Z", "rol": 3, "groups": [], "user_permissions": []}}, {"model": "cuentas.usuario", "pk": 2, "fields": {"password": "pbkdf2_sha256$1000000$VYPZGr9LRyQbhp3O09LbKY$BtssrJbxgwtFZxWsJ04ocxYabnoCoJhuYruCy4wtrhk=", "last_login": "2025-11-28T13:21:34.582Z", "is_superuser": false, "username": "gerente_1", "first_name": "", "last_name": "", "email": "", "is_staff": false, "is_active": true, "date_joined": "2025-11-28T00:03:35Z", "rol": 5, "groups": [], "user_permissions": []}}, {"model": "cuentas.usuario", "pk": 3, "fields": {"password": "pbkdf2_sha256$1000000$g1OpTiMqVkCxDooyAXODar$FJAEbM22ut68Bq0eAxgHJ+uolHOMYwqc2K5abaDTFzU=", "last_login": "2025-11-28T13:21:13.636Z", "is_superuser": false, "username": "auditor_2", "first_name": "", "last_name": "", "email": "", "is_staff": false, "is_active": true, "date_joined": "2025-11-28T00:04:18Z", "rol": 4, "groups": [], "user_permissions": []}}, {"model": "cuentas.usuario", "pk": 4, "fields": {"password": "pbkdf2_sha256$1000000$aAKxQmZIFTUNmh524HxQ3x$cW30QrimJAPSTy7VKHAJGL7pSg2QJyT/cv9AX6kJ52w=", "last_login": "2025-12-09T07:09:30.327Z", "is_superuser": false, "username": "analista_3", "first_name": "", "last_name": "", "email": "", "is_staff": false, "is_active": true, "date_joined": "2025-11-28T00:04:57Z", "rol": 2, "groups": [], "user_permissions": []}}, {"model": "cuentas.usuario", "pk": 5, "fields": {"password": "pbkdf2_sha256$1000000$SfJRbsaSVXDr2yH5BWkk6B$17PKFPm2/ETHZkjIzczVtvhzhtwr0gJi6Jx+CUkb/9M=", "last_login": "2025-12-10T03:20:28.079Z", "is_superuser": false, "username": "corredor_4", "first_name": "", "last_name": "", "email": "", "is_staff": false, "is_active": true, "date_joined": "2025-11-28T00:05:34Z", "rol": 1, "groups": [], "user_permissions": []}}, {"model": "tributaria.emisor", "pk": 2, "fields": {"nombre": "Empresa Inversiones S.A.", "rut": "76.123.456-7", "email_contacto": ""}}, {"model": "tributaria.emisor", "pk": 3, "fields": {"nombre": "Fondo Internacional Alpha", "rut": "81.456.789-0", "email_contacto": ""}}, {"model": "tributaria.emisor", "pk": 4, "fields": {"nombre": "Banco Andes Chile", "rut": "96.852.741-3", "email_contacto": ""}}, {"model": "tributaria.archivotributario", "pk": 1, "fields": {"tipo_archivo": "XLSX", "archivo": "archivos_tributarios/Calificacion_Tributaria_Ejemplo.xlsx", "nombre_original": "Calificacion_Tributaria_Ejemplo.xlsx", "fecha_subida": "2025-11-28T00:12:55.339Z", "usuario": 5, "emisor": null, "estado": "PENDIENTE", "mensaje_estado": ""}}, {"model": "tributaria.archivotributario", "pk": 2, "fields": {"tipo_archivo": "CSV", "archivo": "archivos_tributarios/Calificacion_Tributaria_Ejemplo_iH6xGTL.xlsx", "nombre_original": "Calificacion_Tributaria_Ejemplo.xlsx", "fecha_subida": "2025-11-28T00:13:27.594Z", "usuario": 5, "emisor": null, "estado": "PENDIENTE", "mensaje_estado": ""}}, {"model": "tributaria.archivotributario", "pk": 3, "fields": {"tipo_archivo": "XLSX", "archivo": "archivos_tributarios/Calificacion_Tributaria_Ejemplo_llrch64.xlsx", "nombre_original": "Calificacion_Tributaria_Ejemplo.xlsx", "fecha_subida": "2025-11-28T00:14:42.922Z", "usuario": 1, "emisor": null, "estado": "PENDIENTE", "mensaje_estado": ""}}, {"model": "tributaria.archivotributario", "pk": 4, "fields": {"tipo_archivo": "", "archivo": "archivos_tributarios/Calificacion_Tributaria_Ejemplo_jAsNabb.xlsx", "nombre_original": "", "fecha_subida": "2025-11-28T01:53:07.817Z", "usuario": 5, "emisor": null, "estado": "PENDIENTE", "mensaje_estado": ""}}, {"model": "tributaria.archivotributario", "pk": 5, "fields": {"tipo_archivo": "", "archivo": "archivos_tributarios/Calificacion_Tributaria_Ejemplo_0qyEheA.xlsx", "nombre_original": "", "fecha_subida": "2025-11-28T01:59:03.259Z", "usuario": 5, "emisor": null, "estado": "PENDIENTE", "mensaje_estado": ""}}, {"model": "tributaria.archivotributario", "pk": 6, "fields": {"tipo_archivo": "", "archivo": "archivos_tributarios/Calificacion_Tributaria_Ejemplo_AqCAJyV.xlsx", "nombre_original": "", "fecha_subida": "2025-11-28T02:14:57.150Z", "usuario": 5, "emisor": null, "estado": "PENDIENTE", "mensaje_estado": ""}}, {"model": "tributaria.archivotributario", "pk": 7, "fields": {"tipo_archivo": "", "archivo": "archivos_tributarios/Calificacion_Tributaria_Ejemplo_eu8lpfS.xlsx", "nombre_original": "", "fecha_subida": "2025-11-28T02:17:25.572Z", "usuario": 5, "emisor": null, "estado": "PENDIENTE", "mensaje_estado": ""}}, {"model": "tributaria.archivotributario", "pk": 8, "fields": {"tipo_archivo": "", "archivo": "archivos_tributarios/Calificacion_Tributaria_Ejemplo_8ZdTm1f.xlsx", "nombre_original": "", "fecha_subida": "2025-11-28T02:22:10.420Z", "usuario": 5, "emisor": null, "estado": "PENDIENTE", "mensaje_estado": ""}}, {"model": "tributaria.archivotributario", "pk": 9, "fields": {"tipo_archivo": "", "archivo": "archivos_tributarios/Calificacion_Tributaria_Ejemplo_CtI2tIX.xlsx", "nombre_original": "", "fecha_subida": "2025-11-28T02:28:41.022Z", "usuario": 5, "emisor": null, "estado": "PENDIENTE", "mensaje_estado": ""}}, {"model": "tributaria.archivotributario", "pk": 10, "fields": {"tipo_archivo": "", "archivo": "archivos_tributarios/Calificacion_Tributaria_Ejemplo_3Qzf4io.xlsx", "nombre_original": "", "fecha_subida": "2025-11-28T02:34:20.417Z", "usuario": 5, "emisor": null, "estado": "PENDIENTE", "mensaje_estado": ""}}, {"model": "tributaria.archivotributario", "pk": 11, "fields": {"tipo_archivo": "", "archivo": "archivos_tributarios/Calificacion_Tributaria_Ejemplo_rMtLoaI.xlsx", "nombre_original": "", "fecha_subida": "2025-11-28T02:39:03.846Z", "usuario": 5, "emisor": null, "estado": "PENDIENTE", "mensaje_estado": ""}}, {"model": "tributaria.archivotributario", "pk": 12, "fields": {"tipo_archivo": "", "archivo": "archivos_tributarios/Calificacion_Tributaria_Ejemplo_3b64AWs.xlsx", "nombre_original": "", "fecha_subida": "2025-11-28T03:27:53.519Z", "usuario": 1, "emisor": null, "estado": "PENDIENTE", "mensaje_estado": ""}}, {"model": "tributaria.archivotributario", "pk": 13, "fields": {"tipo_archivo": "", "archivo": "archivos_tributarios/Calificacion_Tributaria_Ejemplo_13VdP7U.xlsx", "nombre_original": "", "fecha_subida": "2025-11-28T03:31:36.761Z", "usuario": 5, "emisor": null, "estado": "PENDIENTE", "mensaje_estado": ""}}, {"model": "tributaria.archivotributario", "pk": 14, "fields": {"tipo_archivo": "", "archivo": "archivos_tributarios/Calificacion_Tributaria_Ejemplo_XSnnSPZ.xlsx", "nombre_original": "", "fecha_subida": "2025-11-28T03:38:09.331Z", "usuario": 5, "emisor": null, "estado": "PENDIENTE", "mensaje_estado": ""}}, {"model": "tributaria.archivotributario", "pk": 15, "fields": {"tipo_archivo": "", "archivo": "archivos_tributarios/Calificacion_Tributaria_Ejemplo_CLO03Bq.xlsx", "nombre_original": "", "fecha_subida": "2025-11-28T03:40:15.637Z", "usuario": 5, "emisor": null, "estado": "PENDIENTE", "mensaje_estado": ""}}, {"model": "tributaria.archivotributario", "pk": 16, "fields": {"tipo_archivo": "", "archivo": "archivos_tributarios/Calificacion_Tributaria_Ejemplo_3nhnKGj.xlsx", "nombre_original": "", "fecha_subida": "2025-11-28T03:40:43.628Z", "usuario": 1, "emisor": null, "estado": "PENDIENTE", "mensaje_estado": ""}}, {"model": "tributaria.archivotributario", "pk": 17, "fields": {"tipo_archivo": "", "archivo": "archivos_tributarios/Calificacion_Tributaria_Ejemplo_2.xlsx", "nombre_original": "", "fecha_subida": "2025-11-28T03:42:14.195Z", "usuario": 1, "emisor": null, "estado": "PENDIENTE", "mensaje_estado": ""}}, {"model": "tributaria.archivotributario", "pk": 18, "fields": {"tipo_archivo": "", "archivo": "archivos_tributarios/Calificacion_Tributaria_Ejemplo_2_okKTxxr.xlsx", "nombre_original": "", "fecha_subida": "2025-11-28T04:13:42.065Z", "usuario": 5, "emisor": null, "estado": "PENDIENTE", "mensaje_estado": ""}}, {"model": "tributaria.archivotributario", "pk": 19, "fields": {"tipo_archivo": "", "archivo": "archivos_tributarios/Calificacion_Tributaria_Ejemplo_2_tXrlbLf.xlsx", "nombre_original": "", "fecha_subida": "2025-11-28T04:20:40.677Z", "usuario": 1, "emisor": null, "estado": "PENDIENTE", "mensaje_estado": ""}}, {"model": "tributaria.archivotributario", "pk": 20, "fields": {"tipo_archivo": "", "archivo": "archivos_tributarios/Calificacion_Tributaria_Ejemplo_3.xlsx", "nombre_original": "", "fecha_subida": "2025-11-28T04:42:46.436Z", "usuario": 5, "emisor": null, "estado": "PENDIENTE", "mensaje_estado": ""}}, {"model": "tributaria.archivotributario", "pk": 21, "fields": {"tipo_archivo": "", "archivo": "archivos_tributarios/Calificacion_Tributaria_Ejemplo_3_2jU7pcX.xlsx", "nombre_original": "", "fecha_subida": "2025-11-28T05:55:30.175Z", "usuario": 5, "emisor": null, "estado": "PENDIENTE", "mensaje_estado": ""}}, {"model": "tributaria.archivotributario", "pk": 22, "fields": {"tipo_archivo": "", "archivo": "archivos_tributarios/Calificacion_Tributaria_Ejemplo_3_uGvfPm1.xlsx", "nombre_original": "", "fecha_subida": "2025-11-28T13:17:25.802Z", "usuario": 1, "emisor": null, "estado": "PENDIENTE", "mensaje_estado": ""}}, {"model": "tributaria.archivotributario", "pk": 23, "fields": {"tipo_archivo": "", "archivo": "archivos_tributarios/Calificacion_Tributaria_Ejemplo_3_onQWftn.xlsx", "nombre_original": "", "fecha_subida": "2025-11-28T13:19:13.421Z", "usuario": 5, "emisor": null, "estado": "PENDIENTE", "mensaje_estado": ""}}, {"model": "tributaria.archivotributario", "pk": 24, "fields": {"tipo_archivo": "", "archivo": "archivos_tributarios/Calificacion_Tributaria_Formato_Interno.pdf", "nombre_original": "", "fecha_subida": "2025-12-05T04:31:02.071Z", "usuario": 5, "emisor": null, "estado": "PENDIENTE", "mensaje_estado": ""}}, {"model": "tributaria.archivotributario", "pk": 25, "fields": {"tipo_archivo": "", "archivo": "archivos_tributarios/Calificacion_Tributaria_Formato_Interno_vuKEQAU.pdf", "nombre_original": "", "fecha_subida": "2025-12-09T00:14:42.842Z", "usuario": 5, "emisor": null, "estado": "PENDIENTE", "mensaje_estado": ""}}, {"model": "tributaria.archivotributario", "pk": 26, "fields": {"tipo_archivo": "", "archivo": "archivos_tributarios/Calificacion_Tributaria_Formato_Interno_dPyHBvv.pdf", "nombre_original": "", "fecha_subida": "2025-12-09T02:56:03.374Z", "usuario": 5, "emisor": null, "estado": "PENDIENTE", "mensaje_estado": ""}}, {"model": "tributaria.archivotributario", "pk": 27, "fields": {"tipo_archivo": "", "archivo": "archivos_tributarios/Calificacion_Tributaria_Ejemplo_3.xlsx", "nombre_original": "", "fecha_subida": "2025-12-10T02:37:46.607Z", "usuario": 1, "emisor": null, "estado": "PENDIENTE", "mensaje_estado": ""}}, {"model": "tributaria.calificaciontributaria", "pk": 11, "fields": {"archivo_origen": null, "emisor": 4, "corredor": "admin_10 (Administrador)", "instrumento": "", "anio_tributario": 2024, "monto": "3200000.00", "factor": "110.00000", "monto_calificado": "352000000.00", "fuente": "PDF", "estado": "PENDIENTE", "fecha_registro": "2025-12-10T04:36:50.043Z", "usuario_responsable": null}}, {"model": "tributaria.bitacora", "pk": 1, "fields": {"usuario": 5, "accion": "Carga masiva de archivo", "entidad": "ArchivoTributario", "id_registro": 1, "fecha": "2025-11-28T00:12:55.344Z", "detalle": ""}}, {"model": "tributaria.bitacora", "pk": 2, "fields": {"usuario": 5, "accion": "Carga masiva de archivo", "entidad": "ArchivoTributario", "id_registro": 2, "fecha": "2025-11-28T00:13:27.594Z", "detalle": ""}}, {"model": "tributaria.bitacora", "pk": 3, "fields": {"usuario": 1, "accion": "Carga masiva de archivo", "entidad": "ArchivoTributario", "id_registro": 3, "fecha": "2025-11-28T00:14:42.936Z", "detalle": ""}}, {"model": "tributaria.bitacora", "pk": 4, "fields": {"usuario": 5, "accion": "Carga masiva de archivo", "entidad": "ArchivoTributario", "id_registro": 4, "fecha": "2025-11-28T01:53:07.817Z", "detalle": ""}}, {"model": "tributaria.bitacora", "pk": 5, "fields": {"usuario": 5, "accion": "Carga masiva de archivo", "entidad": "ArchivoTributario", "id_registro": 5, "fecha": "2025-11-28T01:59:03.266Z", "detalle": ""}}, {"model": "tributaria.bitacora", "pk": 6, "fields": {"usuario": 5, "accion": "Carga masiva de archivo", "entidad": "ArchivoTributario", "id_registro": 6, "fecha": "2025-11-28T02:14:57.153Z", "detalle": ""}}, {"model": "tributaria.bitacora", "pk": 7, "fields": {"usuario": 5, "accion": "Carga masiva de archivo", "entidad": "ArchivoTributario", "id_registro": 7, "fecha": "2025-11-28T02:17:25.572Z", "detalle": ""}}, {"model": "tributaria.bitacora", "pk": 8, "fields": {"usuario": 5, "accion": "Carga masiva de archivo", "entidad": "ArchivoTributario", "id_registro": 8, "fecha": "2025-11-28T02:22:10.442Z", "detalle": ""}}, {"model": "tributaria.bitacora", "pk": 9, "fields": {"usuario": 5, "accion": "Carga masiva de archivo", "entidad": "ArchivoTributario", "id_registro": 9, "fecha": "2025-11-28T02:28:41.025Z", "detalle": ""}}, {"model": "tributaria.bitacora", "pk": 10, "fields": {"usuario": 5, "accion": "Carga masiva de archivo", "entidad": "ArchivoTributario", "id_registro": 10, "fecha": "2025-11-28T02:34:20.420Z", "detalle": ""}}, {"model": "tributaria.bitacora", "pk": 11, "fields": {"usuario": 5, "accion": "Carga masiva de archivo", "entidad": "ArchivoTributario", "id_registro": 11, "fecha": "2025-11-28T02:39:03.851Z", "detalle": ""}}, {"model": "tributaria.bitacora", "pk": 12, "fields": {"usuario": 1, "accion": "Editar calificación", "entidad": "CalificacionTributaria", "id_registro": 1, "fecha": "2025-11-28T02:43:48.806Z", "detalle": ""}}, {"model": "tributaria.bitacora", "pk": 13, "fields": {"usuario": 1, "accion": "Carga masiva de archivo", "entidad": "ArchivoTributario", "id_registro": 12, "fecha": "2025-11-28T03:27:53.536Z", "detalle": ""}}, {"model": "tributaria.bitacora", "pk": 14, "fields": {"usuario": 5, "accion": "Carga masiva de archivo", "entidad": "ArchivoTributario", "id_registro": 13, "fecha": "2025-11-28T03:31:36.772Z", "detalle": ""}}, {"model": "tributaria.bitacora", "pk": 15, "fields": {"usuario": 5, "accion": "Carga masiva de archivo", "entidad": "ArchivoTributario", "id_registro": 14, "fecha": "2025-11-28T03:38:09.331Z", "detalle": ""}}, {"model": "tributaria.bitacora", "pk": 16, "fields": {"usuario": 5, "accion": "Carga masiva de archivo", "entidad": "ArchivoTributario", "id_registro": 15, "fecha": "2025-11-28T03:40:15.637Z", "detalle": ""}}, {"model": "tributaria.bitacora", "pk": 17, "fields": {"usuario": 1, "accion": "Carga masiva de archivo", "entidad": "ArchivoTributario", "id_registro": 16, "fecha": "2025-11-28T03:40:43.632Z", "detalle": ""}}, {"model": "tributaria.bitacora", "pk": 18, "fields": {"usuario": 1, "accion": "Carga masiva de archivo", "entidad": "ArchivoTributario", "id_registro": 17, "fecha": "2025-11-28T03:42:14.198Z", "detalle": ""}}, {"model": "tributaria.bitacora", "pk": 19, "fields": {"usuario": 5, "accion": "Carga masiva de archivo", "entidad": "ArchivoTributario", "id_registro": 18, "fecha": "2025-11-28T04:13:42.065Z", "detalle": ""}}, {"model": "tributaria.bitacora", "pk": 20, "fields": {"usuario": 1, "accion": "Carga masiva de archivo", "entidad": "ArchivoTributario", "id_registro": 19, "fecha": "2025-11-28T04:20:40.681Z", "detalle": ""}}, {"model": "tributaria.bitacora", "pk": 21, "fields": {"usuario": 5, "accion": "Carga masiva de archivo", "entidad": "ArchivoTributario", "id_registro": 20, "fecha": "2025-11-28T04:42:46.439Z", "detalle": ""}}, {"model": "tributaria.bitacora", "pk": 22, "fields": {"usuario": 5, "accion": "Carga masiva de archivo", "entidad": "ArchivoTributario", "id_registro": 21, "fecha": "2025-11-28T05:55:30.184Z", "detalle": ""}}, {"model": "tributaria.bitacora", "pk": 23, "fields": {"usuario": 1, "accion": "Eliminar calificación", "entidad": "CalificacionTributaria", "id_registro": 4, "fecha": "2025-11-28T06:06:25.625Z", "detalle": ""}}, {"model": "tributaria.bitacora", "pk": 24, "fields": {"usuario": 1, "accion": "Eliminar calificación", "entidad": "CalificacionTributaria", "id_registro": 3, "fecha": "2025-11-28T13:17:07.952Z", "detalle": ""}}, {"model": "tributaria.bitacora", "pk": 25, "fields": {"usuario": 1, "accion": "Carga masiva de archivo", "entidad": "ArchivoTributario", "id_registro": 22, "fecha": "2025-11-28T13:17:25.809Z", "detalle": ""}}, {"model": "tributaria.bitacora", "pk": 26, "fields": {"usuario": 5, "accion": "Carga masiva de archivo", "entidad": "ArchivoTributario", "id_registro": 23, "fecha": "2025-11-28T13:19:13.434Z", "detalle": ""}}, {"model": "tributaria.bitacora", "pk": 27, "fields": {"usuario": 1, "accion": "Eliminar calificación", "entidad": "CalificacionTributaria", "id_registro": 6, "fecha": "2025-11-28T13:20:23.087Z", "detalle": ""}}, {"model": "tributaria.bitacora", "pk": 28, "fields": {"usuario": 5, "accion": "Carga masiva de archivo", "entidad": "ArchivoTributario", "id_registro": 24, "fecha": "2025-12-05T04:31:02.110Z", "detalle": ""}}, {"model": "tributaria.bitacora", "pk": 29, "fields": {"usuario": 5, "accion": "Carga masiva de archivo", "entidad": "ArchivoTributario", "id_registro": 25, "fecha": "2025-12-09T00:14:42.847Z", "detalle": ""}}, {"model": "tributaria.bitacora", "pk": 30, "fields": {"usuario": 5, "accion": "Carga masiva de archivo", "entidad": "ArchivoTributario", "id_registro": 26, "fecha": "2025-12-09T02:56:03.385Z", "detalle": ""}}, {"model": "tributaria.bitacora", "pk": 31, "fields": {"usuario": 1, "accion": "Eliminar calificación", "entidad": "CalificacionTributaria", "id_registro": 1, "fecha": "2025-12-09T07:10:55.091Z", "detalle": ""}}, {"model": "tributaria.bitacora", "pk": 32, "fields": {"usuario": 1, "accion": "Eliminar calificación", "entidad": "CalificacionTributaria", "id_registro": 2, "fecha": "2025-12-09T07:10:58.152Z", "detalle": ""}}, {"model": "tributaria.bitacora", "pk": 33, "fields": {"usuario": 1, "accion": "Eliminar calificación", "entidad": "CalificacionTributaria", "id_registro": 5, "fecha": "2025-12-09T07:11:02.060Z", "detalle": ""}}, {"model": "tributaria.bitacora", "pk": 34, "fields": {"usuario": 1, "accion": "Carga masiva de archivo", "entidad": "ArchivoTributario", "id_registro": 27, "fecha": "2025-12-10T02:37:46.620Z", "detalle": ""}}, {"model": "tributaria.bitacora", "pk": 35, "fields": {"usuario": 1, "accion": "Crear calificación desde PDF", "entidad": "CalificacionTributaria", "id_registro": 8, "fecha": "2025-12-10T02:48:31.316Z", "detalle": "PDF #5 | RUT=96.852.741-3, Año=2024, Monto=0.0, Factor=110.0"}}, {"model": "tributaria.bitacora", "pk": 36, "fields": {"usuario": 1, "accion": "Crear calificación desde PDF", "entidad": "CalificacionTributaria", "id_registro": 9, "fecha": "2025-12-10T04:22:46.887Z", "detalle": "PDF #9 | RUT=96.852.741-3, Año=2024, Monto=0.0, Factor=1.1"}}, {"model": "tributaria.bitacora", "pk": 37, "fields": {"usuario": 1, "accion": "Crear calificación desde PDF", "entidad": "CalificacionTributaria", "id_registro": 10, "fecha": "2025-12-10T04:34:55.753Z", "detalle": "PDF #10 | RUT=96.852.741-3, Año=2024, Monto=0.0, Factor=1.1"}}, {"model": "tributaria.bitacora", "pk": 38, "fields": {"usuario": 1, "accion": "Eliminar calificación", "entidad": "CalificacionTributaria", "id_registro": 7, "fecha": "2025-12-10T04:35:20.968Z", "detalle": ""}}, {"model": "tributaria.bitacora", "pk": 39, "fields": {"usuario": 1, "accion": "Eliminar calificación", "entidad": "CalificacionTributaria", "id_registro": 8, "fecha": "2025-12-10T04:35:24.590Z", "detalle": ""}}, {"model": "tributaria.bitacora", "pk": 40, "fields": {"usuario": 1, "accion": "Eliminar calificación", "entidad": "CalificacionTributaria", "id_registro": 9, "fecha": "2025-12-10T04:35:27.649Z", "detalle": ""}}, {"model": "tributaria.bitacora", "pk": 41, "fields": {"usuario": 1, "accion": "Eliminar calificación", "entidad": "CalificacionTributaria", "id_registro": 10, "fecha": "2025-12-10T04:35:31.152Z", "detalle": ""}}, {"model": "tributaria.bitacora", "pk": 42, "fields": {"usuario": 1, "accion": "Crear calificación desde PDF", "entidad": "CalificacionTributaria", "id_registro": 11, "fecha": "2025-12-10T04:36:50.069Z", "detalle": "PDF #11 | RUT=96.852.741-3, Año=2024, Monto=3200000.0, Factor=110.0"}}, {"model": "tributaria.notificacion", "pk": 1, "fields": {"usuario": 5, "mensaje": "Archivo #21 procesado. Registros OK: 1, con errores: 0.", "nivel": "INFO", "leida": false, "fecha": "2025-11-28T05:55:30.620Z"}}, {"model": "tributaria.notificacion", "pk": 2, "fields": {"usuario": 1, "mensaje": "Archivo #22 procesado. Registros OK: 1, con errores: 0.", "nivel": "INFO", "leida": false, "fecha": "2025-11-28T13:17:26.452Z"}}, {"model": "tributaria.notificacion", "pk": 3, "fields": {"usuario": 5, "mensaje": "Archivo #23 procesado. Registros OK: 1, con errores: 0.", "nivel": "INFO", "leida": false, "fecha": "2025-11-28T13:19:13.479Z"}}, {"model": "tributaria.notificacion", "pk": 4, "fields": {"usuario": 1, "mensaje": "Archivo #27 procesado. Registros OK: 1, con errores: 0.", "nivel": "INFO", "leida": false, "fecha": "2025-12-10T02:37:47.673Z"}}, {"model": "tributaria.errorvalidacion", "pk": 1, "fields": {"archivo": 14, "calificacion": null, "nro_linea": 2, "mensaje": "El factor debe estar entre 0 y 1.", "fecha": "2025-11-28T03:38:09.679Z"}}, {"model": "tributaria.errorvalidacion", "pk": 2, "fields": {"archivo": 15, "calificacion": null, "nro_linea": 2, "mensaje": "El factor debe estar entre 0 y 1.", "fecha": "2025-11-28T03:40:15.987Z"}}, {"model": "tributaria.errorvalidacion", "pk": 3, "fields": {"archivo": 16, "calificacion": null, "nro_linea": 2, "mensaje": "El factor debe estar entre 0 y 1.", "fecha": "2025-11-28T03:40:43.651Z"}}, {"model": "tributaria.errorvalidacion", "pk": 4, "fields": {"archivo": 17, "calificacion": null, "nro_linea": 2, "mensaje": "El factor debe estar entre 0 y 1.", "fecha": "2025-11-28T03:42:14.234Z"}}, {"model": "tributaria.errorvalidacion", "pk": 5, "fields": {"archivo": 18, "calificacion": null, "nro_linea": 2, "mensaje": "El factor debe estar entre 0 y 1.", "fecha": "2025-11-28T04:13:42.406Z"}}, {"model": "tributaria.documentopdf", "pk": 1, "fields": {"usuario": 1, "nombre": "matias", "archivo": "pdfs/Calificacion_Tributaria_Formato_Interno.pdf", "fecha_subida": "2025-12-09T07:56:29.672Z", "rut_emisor": null, "nombre_emisor": null, "anio_tributario": null, "monto_bruto": null, "factor": null, "estado": "PENDIENTE"}}, {"model": "tributaria.documentopdf", "pk": 2, "fields": {"usuario": 1, "nombre": "matias", "archivo": "pdfs/Calificacion_Tributaria_Formato_Interno_3BeqNRj.pdf", "fecha_subida": "2025-12-09T08:01:29.756Z", "rut_emisor": null, "nombre_emisor": null, "anio_tributario": null, "monto_bruto": null, "factor": null, "estado": "PENDIENTE"}}, {"model": "tributaria.documentopdf", "pk": 3, "fields": {"usuario": 1, "nombre": "matias", "archivo": "pdfs/Calificacion_Tributaria_Formato_Interno_qA7nbij.pdf", "fecha_subida": "2025-12-09T08:24:25.061Z", "rut_emisor": null, "nombre_emisor": null, "anio_tributario": null, "monto_bruto": null, "factor": null, "estado": "PENDIENTE"}}, {"model": "tributaria.documentopdf", "pk": 4, "fields": {"usuario": 1, "nombre": "matias", "archivo": "pdfs/Calificacion_Tributaria_Formato_Interno_WbH0trx.pdf", "fecha_subida": "2025-12-10T02:36:48.086Z", "rut_emisor": "96.852.741-3", "nombre_emisor": "Banco Andes Chile", "anio_tributario": 2024, "monto_bruto": null, "factor": "110.00000", "estado": "OBSERVADA"}}, {"model": "tributaria.documentopdf", "pk": 5, "fields": {"usuario": 1, "nombre": "si", "archivo": "pdfs/Calificacion_Tributaria_Formato_Interno_tlbnXFD.pdf", "fecha_subida": "2025-12-10T02:48:31.180Z", "rut_emisor": "96.852.741-3", "nombre_emisor": "Banco Andes Chile", "anio_tributario": 2024, "monto_bruto": null, "factor": "110.00000", "estado": "OBSERVADA"}}, {"model": "tributaria.documentopdf", "pk": 6, "fields": {"usuario": 5, "nombre": "matias", "archivo": "pdfs/Calificacion_Tributaria_Formato_Interno_pTosUhW.pdf", "fecha_subida": "2025-12-10T03:21:04.969Z", "rut_emisor": "96.852.741-3", "nombre_emisor": "Banco Andes Chile", "anio_tributario": 2024, "monto_bruto": null, "factor": "1.10000", "estado": "OBSERVADA"}}, {"model": "tributaria.documentopdf", "pk": 7, "fields": {"usuario": 1, "nombre": "sid", "archivo": "pdfs/Calificacion_Tributaria_Formato_Interno_n8RK0bv.pdf", "fecha_subida": "2025-12-10T03:38:57.819Z", "rut_emisor": "96.852.741-3", "nombre_emisor": "Banco Andes Chile", "anio_tributario": 2024, "monto_bruto": null, "factor": "1.10000", "estado": "OBSERVADA"}}, {"model": "tributaria.documentopdf", "pk": 8, "fields": {"usuario": 1, "nombre": "matias", "archivo": "pdfs/Calificacion_Tributaria_Formato_Interno_BE9oEd5.pdf", "fecha_subida": "2025-12-10T04:17:08.997Z", "rut_emisor": null, "nombre_emisor": null, "anio_tributario": null, "monto_bruto": null, "factor": null, "estado": "PENDIENTE"}}, {"model": "tributaria.documentopdf", "pk": 9, "fields": {"usuario": 1, "nombre": "hola", "archivo": "pdfs/Calificacion_Tributaria_Formato_Interno_yp5fpuq.pdf", "fecha_subida": "2025-12-10T04:22:46.802Z", "rut_emisor": "96.852.741-3", "nombre_emisor": "Banco Andes Chile", "anio_tributario": 2024, "monto_bruto": null, "factor": "1.10000", "estado": "PENDIENTE"}}, {"model": "tributaria.documentopdf", "pk": 10, "fields": {"usuario": 1, "nombre": "sididii", "archivo": "pdfs/Calificacion_Tributaria_Formato_Interno_PRIwCnc.pdf", "fecha_subida": "2025-12-10T04:34:55.669Z", "rut_emisor": "96.852.741-3", "nombre_emisor": "Banco Andes Chile", "anio_tributario": 2024, "monto_bruto": null, "factor": "1.10000", "estado": "PENDIENTE"}}, {"model": "tributaria.documentopdf", "pk": 11, "fields": {"usuario": 1, "nombre": "matias", "archivo": "pdfs/Calificacion_Tributaria_Formato_Interno_s2Lg25h.pdf", "fecha_subida": "2025-12-10T04:36:49.866Z", "rut_emisor": "96.852.741-3", "nombre_emisor": "Banco Andes Chile", "anio_tributario": 2024, "monto_bruto": "3200000.00", "factor": "110.00000", "estado": "PENDIENTE"}}]